timestamp,lang,impl,threads,timeout_s,start_port,end_port,target,total_time_s
2026-02-23T22:01:36.910342,python,threaded,50,2,1,1024,google.com,42.2158
2026-02-23T22:01:59.050217,python,threaded,100,2,1,1024,google.com,22.1387
2026-02-23T22:02:11.195224,python,threaded,200,2,1,1024,google.com,12.1445
2026-02-23T22:02:55.359647,python,threaded,100,4,1,1024,google.com,44.164
2026-02-23T22:03:11.578298,python,threaded,300,4,1,1024,google.com,16.2182
2026-02-23T22:03:23.719772,python,threaded,500,4,1,1024,google.com,12.1408
2026-02-23T22:04:05.922612,python,threaded,50,2,1,1024,openai.com,42.2024
2026-02-23T22:04:28.055715,python,threaded,100,2,1,1024,openai.com,22.1326
2026-02-23T22:04:40.184758,python,threaded,200,2,1,1024,openai.com,12.1285
2026-02-23T22:05:24.341044,python,threaded,100,4,1,1024,openai.com,44.1555
2026-02-23T22:05:40.564900,python,threaded,300,4,1,1024,openai.com,16.2224
2026-02-23T22:05:52.681955,python,threaded,500,4,1,1024,openai.com,12.1167
